epoch,time,train/box_loss,train/cls_loss,train/dfl_loss,metrics/precision(B),metrics/recall(B),metrics/mAP50(B),metrics/mAP50-95(B),val/box_loss,val/cls_loss,val/dfl_loss,lr/pg0,lr/pg1,lr/pg2
1,3113.59,1.36895,2.8363,1.11107,0.00449,0.82239,0.40536,0.19776,1.16899,3.66584,1.01586,0.000543038,0.000543038,0.000543038
1,3101.03,1.35758,2.91905,1.11288,0.00418,0.80495,0.10929,0.05294,1.1724,3.73974,1.00708,0.000543038,0.000543038,0.000543038
1,3105.74,1.34938,2.76576,1.12849,0.00473,0.91974,0.15174,0.08618,1.18308,3.80354,1.02351,0.000543038,0.000543038,0.000543038
