epoch,time,train/box_loss,train/cls_loss,train/dfl_loss,metrics/precision(B),metrics/recall(B),metrics/mAP50(B),metrics/mAP50-95(B),val/box_loss,val/cls_loss,val/dfl_loss,lr/pg0,lr/pg1,lr/pg2
1,57.6523,1.67076,3.13596,1.105,0.005,0.96477,0.01644,0.00791,1.34467,3.47752,0.96809,0.00035007,0.00035007,0.00035007
2,113.596,1.43439,1.58489,0.99494,0.00484,0.94334,0.04449,0.02698,1.3258,3.13275,0.99205,0.000574882,0.000574882,0.000574882
3,167.616,1.3286,1.24217,0.99829,0.43326,0.35135,0.4163,0.2314,1.46908,2.91671,1.02134,0.000654464,0.000654464,0.000654464
4,227.286,1.30145,1.09566,0.97927,0.93981,0.67155,0.86954,0.54715,1.28298,2.00724,0.97553,0.000588818,0.000588818,0.000588818
5,282.623,1.25738,1.00149,0.97894,0.94093,0.81493,0.89933,0.56517,1.25595,1.60825,0.97844,0.000346736,0.000346736,0.000346736
