epoch,time,train/box_loss,train/cls_loss,train/dfl_loss,metrics/precision(B),metrics/recall(B),metrics/mAP50(B),metrics/mAP50-95(B),val/box_loss,val/cls_loss,val/dfl_loss,lr/pg0,lr/pg1,lr/pg2
5,924.997,1.12222,1.08079,1.03512,0.94515,0.87421,0.95751,0.66017,1.1154,1.18747,1.03358,0.000346736,0.000346736,0.000346736
1,266.329,1.36948,2.82147,1.1121,0.76828,0.02941,0.19394,0.08469,1.16688,3.72756,1.01237,0.000543038,0.000543038,0.000543038
2,413.975,1.2682,1.68139,1.07927,0.86752,0.25326,0.52383,0.30864,1.26368,3.03438,1.09763,0.000881161,0.000881161,0.000881161
3,560.898,1.25188,1.4209,1.07863,0.88609,0.86467,0.93222,0.60573,1.24555,1.68122,1.09954,0.00099924,0.00099924,0.00099924
4,708.569,1.18086,1.21871,1.05169,0.90506,0.89649,0.94229,0.62408,1.16764,1.3025,1.05675,0.000676802,0.000676802,0.000676802
5,853.33,1.16083,1.08751,1.03478,0.92356,0.92436,0.9658,0.64794,1.15883,1.20912,1.03484,0.000346736,0.000346736,0.000346736
